{"cameraMode":{"drawMode":0,"name":"Shaded","section":"Shading Mode"},"sceneLighting":true,"audioPlay":false,"sceneViewState":{"showFog":true,"showMaterialUpdate":false,"showSkybox":true,"showFlares":true,"showImageEffects":true,"showParticleSystems":true},"in2DMode":false,"pivot":{"x":-0.4081524610519409,"y":1.5489892959594727,"z":-2.8977527618408205},"rotation":{"x":-0.41288337111473086,"y":0.05182874947786331,"z":-0.023616427555680276,"w":-0.9091179370880127},"size":47.03216552734375,"orthographic":false}